"Comment","Description","Designator","Footprint","LibRef","Pins","Quantity"
"0R","贴片电阻","R25","R 0603","R","2","1"
"100nF\NC","贴片电容","C12,C11,C10,C9,C8","0603_C","0603 100nF (104) 10% 50V","2","5"
"104","无极性贴片电容","C3,C4,C2,C6,C1,C16,C13,C7","C 0603","C","2","8"
"10K","贴片电阻","R24,R14,R9,R21,R11_U_SIG_IN10,R11_U_SIG_IN9,R11_U_SIG_IN8,R11_U_SIG_IN7,R11_U_SIG_IN6,R11_U_SIG_IN5,R11_U_SIG_IN4,R11_U_SIG_IN3,R11_U_SIG_IN2,R11_U_SIG_IN1,R7_U_Drive_Y10,R7_U_Drive_Y9,R7_U_Drive_Y8,R7_U_Drive_Y7,R7_U_Drive_Y6,R7_U_Drive_Y5,R7_U_Drive_Y4,R7_U_Drive_Y3,R7_U_Drive_Y2,R7_U_Drive_Y1,R4_U_Drive_X10,R4_U_Drive_X9,R4_U_Drive_X8,R4_U_Drive_X7,R4_U_Drive_X6,R4_U_Drive_X5,R4_U_Drive_X4,R4_U_Drive_X3,R4_U_Drive_X2,R4_U_Drive_X1,R1_U_Drive_X10,R1_U_Drive_X9,R1_U_Drive_X8,R1_U_Drive_X7,R1_U_Drive_X6,R1_U_Drive_X5,R1_U_Drive_X4,R1_U_Drive_X3,R1_U_Drive_X2,R1_U_Drive_X1","R 0603","R","2","44"
"10k","贴片电阻","R5_U_Drive_Y10,R5_U_Drive_Y9,R5_U_Drive_Y8,R5_U_Drive_Y7,R5_U_Drive_Y6,R5_U_Drive_Y5,R5_U_Drive_Y4,R5_U_Drive_Y3,R5_U_Drive_Y2,R5_U_Drive_Y1","R 0603","R","2","10"
"10uF/35V","贴片电解电容","E3,E4","CM B(4*5.4)","C-CM","2","2"
"120Ω","贴片电阻","R15","0603_R","0603 120Ω (1200) 1%","2","1"
"15K","贴片电阻","R17,R2_U_Drive_X10,R2_U_Drive_X9,R2_U_Drive_X8,R2_U_Drive_X7,R2_U_Drive_X6,R2_U_Drive_X5,R2_U_Drive_X4,R2_U_Drive_X3,R2_U_Drive_X2,R2_U_Drive_X1","R 0603","R","2","11"
"1K","贴片电阻","R23,R22,R20,R6_U_Drive_Y10,R6_U_Drive_Y9,R6_U_Drive_Y8,R6_U_Drive_Y7,R6_U_Drive_Y6,R6_U_Drive_Y5,R6_U_Drive_Y4,R6_U_Drive_Y3,R6_U_Drive_Y2,R6_U_Drive_Y1,R3_U_Drive_X10,R3_U_Drive_X9,R3_U_Drive_X8,R3_U_Drive_X7,R3_U_Drive_X6,R3_U_Drive_X5,R3_U_Drive_X4,R3_U_Drive_X3,R3_U_Drive_X2,R3_U_Drive_X1","R 0603","R","2","23"
"20pF","无极性贴片电容","C14,C5","C 0603","C","2","2"
"220uF/35V","贴片电解电容","E6,E2","CM E(8*10.2)","C-CM","2","2"
"24MHz","2脚晶振","X1","XTAL-49S SMD","XTAL-2","2","1"
"4.7K","贴片电阻","R8,R19,R12,R16,R18,R13,R10_U_SIG_IN10,R10_U_SIG_IN9,R10_U_SIG_IN8,R10_U_SIG_IN7,R10_U_SIG_IN6,R10_U_SIG_IN5,R10_U_SIG_IN4,R10_U_SIG_IN3,R10_U_SIG_IN2,R10_U_SIG_IN1","R 0603","R","2","16"
"47uF/6.3V","贴片电解电容","E5","CM C(5*5.4)","C-CM","2","1"
"680uF/6.3V","贴片电解电容","E1","CM E(8*10.2)","C-CM","2","1"
"68uH 2A","INDUCTOR","L1","CDRH74","INDUCTOR","2","1"
"78Mxx","线性稳压芯片","V1","LC-TO-252-2","78Mxx","3","1"
"AMS1117-3.3","低压差线性稳压(LDO)","VR1","SOT-223","SOT-223 AMS1117-3.3","4","1"
"CJ2307","P沟道场效应管","Q8","SOT23","P-MOS","3","1"
"CJA03N10","N沟道场效应管","Q6","LC-SOT-89(SOT-89-3)","CJA03N10","4","1"
"HD30N03","N沟道场效应管","Q4_U_Drive_Y10,Q4_U_Drive_Y9,Q4_U_Drive_Y8,Q4_U_Drive_Y7,Q4_U_Drive_Y6,Q4_U_Drive_Y5,Q4_U_Drive_Y4,Q4_U_Drive_Y3,Q4_U_Drive_Y2,Q4_U_Drive_Y1","TO252","N-MOS","3","10"
"HDR-1X2","2P接插件","JP11","HDR-1X2","Header 2","2","1"
"HDR-1X4","4P接插件","JP6","HDR-1X4","Header 4","4","1"
"HDR-1X4","4P接插件","JP9","XH2.54-4P","Header 4","4","1"
"S8050","NPN三极管","Q9,Q7,Q5_U_SIG_IN10,Q5_U_SIG_IN9,Q5_U_SIG_IN8,Q5_U_SIG_IN7,Q5_U_SIG_IN6,Q5_U_SIG_IN5,Q5_U_SIG_IN4,Q5_U_SIG_IN3,Q5_U_SIG_IN2,Q5_U_SIG_IN1,Q3_U_Drive_Y10,Q3_U_Drive_Y9,Q3_U_Drive_Y8,Q3_U_Drive_Y7,Q3_U_Drive_Y6,Q3_U_Drive_Y5,Q3_U_Drive_Y4,Q3_U_Drive_Y3,Q3_U_Drive_Y2,Q3_U_Drive_Y1,Q2_U_Drive_X10,Q2_U_Drive_X9,Q2_U_Drive_X8,Q2_U_Drive_X7,Q2_U_Drive_X6,Q2_U_Drive_X5,Q2_U_Drive_X4,Q2_U_Drive_X3,Q2_U_Drive_X2,Q2_U_Drive_X1","SOT-23","NPN","3","32"
"SE20P03","P沟道场效应管","Q1_U_Drive_X10,Q1_U_Drive_X9,Q1_U_Drive_X8,Q1_U_Drive_X7,Q1_U_Drive_X6,Q1_U_Drive_X5,Q1_U_Drive_X4,Q1_U_Drive_X3,Q1_U_Drive_X2,Q1_U_Drive_X1","TO252","P-MOS","3","10"
"SMAJ6.5CA","TVS","D6,D8,D10,D5","SMA(DO-214AC)_S1","SMB/DO-214AA P6SMB6.8CA","2","4"
"SMBJ30CA","TVS","D9,D2","LC-SMA(DO-214AC)_S1","SMB/DO-214AA P6SMB6.8CA","2","2"
"SS34","二极管","D3,D7,D4,D1","SMA(DO-214AC)_S1","SMA(DO-214AC) SS54","2","4"
"SWM181RCT6-50","微控制器, Cortex-M0系列, AA-00","U1","LC-LQFP-64_10x10x05P","SWM181RCT6-50","64","1"
"TLC-NSMD005","贴片保险丝","F3,F2","FU 1206","FU","2","2"
"TRB300","直插保险丝","F1","5.08mm","FU","2","1"
"UT3232G-S16-R","RS232","U4","SOIC-16_150mil","MAX232ESE","16","1"
"XH2.54-10P","10P接插件","JP3,JP2","XH2.54-10P","Header 10","10","2"
"XH2.54-11P","11P接插件","JP5","XH2.54-11P","Header 11","11","1"
"XH-2.54-4P","4P接插件","JP10,JP8,JP4,JP1","XH2.54-4P","Header 4","4","4"
"XH-2.54-8P","8P接插件","JP7","XH2.54-8P","Header 8","8","1"
"XL1509-5E1","DC-DC芯片","U2","SOP-8_150mil","XL1509-3.3E1","8","1"
"YD3082E","RS-485/RS-422","U5,U3","SOIC-8_150mil","SP485EEN-L/TR","8","2"
"红色","贴片LED","LED1","LED 0603G","LED-SMD","2","1"
