"Designator","Footprint","Mid X","Mid Y","Ref X","Ref Y","Pad X","Pad Y","Layer","Rotation","Comment"
"R25","R 0603","32.36mm","-77.622mm","32.36mm","-77.622mm","33.287mm","-77.622mm","T","180","0R"
"C3","C 0603","43.409mm","-73.114mm","43.409mm","-73.101mm","43.409mm","-73.99mm","T","90","104"
"R24","R 0603","36.716mm","-69.847mm","36.716mm","-69.847mm","37.643mm","-69.847mm","T","180","10K"
"R23","R 0603","36.716mm","-71.679mm","36.716mm","-71.679mm","37.643mm","-71.679mm","T","180","1K"
"R17","R 0603","32.626mm","-71.704mm","32.626mm","-71.704mm","31.699mm","-71.704mm","T","360","15K"
"R14","R 0603","32.626mm","-69.847mm","32.626mm","-69.847mm","31.699mm","-69.847mm","T","360","10K"
"Q9","SOT-23","37.626mm","-74.668mm","37.414mm","-74.735mm","","","T","90","S8050"
"Q8","SOT23","32.106mm","-74.676mm","31.268mm","-73.726mm","","","T","270","CJ2307"
"R8","R 0603","46.33mm","-77.953mm","46.33mm","-77.953mm","45.403mm","-77.953mm","T","360","4.7K"
"Q7","SOT-23","46.372mm","-73.541mm","46.304mm","-73.33mm","","","T","360","S8050"
"JP11","HDR-1X2","33.934mm","-60.096mm","33.934mm","-58.826mm","33.934mm","-58.826mm","T","270","HDR-1X2"
"JP9","XH2.54-4P","43.413mm","-83.82mm","39.603mm","-83.82mm","39.603mm","-83.82mm","T","360","HDR-1X4"
"F1","5.08mm","5.141mm","-22.225mm","7.681mm","-22.225mm","7.681mm","-22.225mm","T","180","TRB300"
"U1","LC-LQFP-64_10x10x05P","59.563mm","-60.706mm","59.563mm","-60.706mm","55.813mm","-66.256mm","T","360","SWM181RCT6-50"
"F3","FU 1206","93.175mm","-82.754mm","93.175mm","-82.754mm","94.89mm","-82.754mm","T","180","TLC-NSMD005"
"F2","FU 1206","93.175mm","-85.725mm","93.175mm","-85.725mm","94.89mm","-85.725mm","T","180","TLC-NSMD005"
"R19","R 0603","48.384mm","-65.253mm","48.384mm","-65.253mm","48.384mm","-66.18mm","T","90","4.7K"
"JP10","XH2.54-4P","39.446mm","-58.318mm","39.446mm","-62.128mm","39.446mm","-62.128mm","T","90","XH-2.54-4P"
"U5","SOIC-8_150mil","54.725mm","-74.1mm","54.725mm","-74.1mm","52.125mm","-72.195mm","T","270","YD3082E"
"D9","LC-SMA(DO-214AC)_S1","9.006mm","-31.489mm","9.006mm","-31.489mm","6.906mm","-31.489mm","T","180","SMBJ30CA"
"D2","LC-SMA(DO-214AC)_S1","4.684mm","-26.616mm","4.684mm","-26.616mm","6.784mm","-26.616mm","T","360","SMBJ30CA"
"D6","SMA(DO-214AC)_S1","99.973mm","-81.632mm","99.973mm","-81.632mm","102.073mm","-81.632mm","T","360","SMAJ6.5CA"
"JP7","XH2.54-8P","78.482mm","-83.774mm","69.592mm","-83.774mm","69.592mm","-83.774mm","T","360","XH-2.54-8P"
"JP5","XH2.54-11P","125.368mm","-64.257mm","125.368mm","-54.097mm","125.368mm","-76.957mm","T","90","XH2.54-11P"
"X1","XTAL-49S SMD","82.874mm","-61.646mm","82.874mm","-61.646mm","87.624mm","-61.646mm","T","180","24MHz"
"C14","C 0603","73.945mm","-62.34mm","73.945mm","-62.353mm","73.945mm","-61.464mm","T","270","20pF"
"C5","C 0603","91.408mm","-64.86mm","91.408mm","-64.847mm","91.408mm","-65.736mm","T","90","20pF"
"E6","CM E(8*10.2)","7.823mm","-42.664mm","7.823mm","-42.664mm","3.823mm","-42.664mm","T","180","220uF/35V"
"C4","C 0603","12.3mm","-59.597mm","12.287mm","-59.597mm","13.176mm","-59.597mm","T","180","104"
"E5","CM C(5*5.4)","27.203mm","-66.376mm","27.203mm","-66.376mm","29.853mm","-66.376mm","T","360","47uF/6.3V"
"Q6","LC-SOT-89(SOT-89-3)","25.852mm","-75.696mm","26.502mm","-75.696mm","26.502mm","-77.196mm","T","360","CJA03N10"
"D3","SMA(DO-214AC)_S1","20.048mm","-75.021mm","20.048mm","-75.021mm","20.048mm","-72.921mm","T","90","SS34"
"R12","R 0603","56.523mm","-78.059mm","56.523mm","-78.059mm","57.45mm","-78.059mm","T","180","4.7K"
"R16","R 0603","53.065mm","-78.081mm","53.065mm","-78.081mm","52.138mm","-78.081mm","T","360","4.7K"
"D8","SMA(DO-214AC)_S1","67.123mm","-75.692mm","67.123mm","-75.692mm","67.123mm","-73.592mm","T","90","SMAJ6.5CA"
"D10","SMA(DO-214AC)_S1","63.599mm","-75.724mm","63.599mm","-75.724mm","63.599mm","-73.624mm","T","90","SMAJ6.5CA"
"C2","C 0603","91.186mm","-79.616mm","91.186mm","-79.629mm","91.186mm","-78.74mm","T","270","104"
"E3","CM B(4*5.4)","5.825mm","-77.029mm","5.825mm","-77.029mm","7.975mm","-77.029mm","T","360","10uF/35V"
"JP6","HDR-1X4","71.12mm","-74.433mm","71.12mm","-70.623mm","71.12mm","-70.623mm","T","270","HDR-1X4"
"Q5_U_SIG_IN10","SOT-23","112.052mm","-53.219mm","112.12mm","-53.431mm","","","T","180","S8050"
"Q5_U_SIG_IN9","SOT-23","102.146mm","-55.171mm","102.214mm","-55.383mm","","","T","180","S8050"
"Q5_U_SIG_IN8","SOT-23","112.037mm","-58.648mm","112.105mm","-58.859mm","","","T","180","S8050"
"Q5_U_SIG_IN7","SOT-23","102.146mm","-60.505mm","102.214mm","-60.717mm","","","T","180","S8050"
"Q5_U_SIG_IN6","SOT-23","112.052mm","-63.887mm","112.12mm","-64.099mm","","","T","180","S8050"
"Q5_U_SIG_IN5","SOT-23","102.146mm","-65.839mm","102.214mm","-66.051mm","","","T","180","S8050"
"Q5_U_SIG_IN4","SOT-23","112.052mm","-69.221mm","112.12mm","-69.433mm","","","T","180","S8050"
"Q5_U_SIG_IN3","SOT-23","102.146mm","-71.173mm","102.214mm","-71.385mm","","","T","180","S8050"
"Q5_U_SIG_IN2","SOT-23","112.052mm","-74.555mm","112.12mm","-74.766mm","","","T","180","S8050"
"Q5_U_SIG_IN1","SOT-23","102.146mm","-76.507mm","102.214mm","-76.719mm","","","T","180","S8050"
"R9","R 0603","46.33mm","-76.157mm","46.33mm","-76.157mm","47.257mm","-76.157mm","T","180","10K"
"U3","SOIC-8_150mil","87.249mm","-76.521mm","87.249mm","-76.521mm","89.154mm","-73.921mm","T","180","YD3082E"
"U2","SOP-8_150mil","7.957mm","-65.221mm","7.957mm","-65.221mm","9.862mm","-62.621mm","T","180","XL1509-5E1"
"C6","C 0603","51.943mm","-65.265mm","51.943mm","-65.278mm","51.943mm","-64.389mm","T","270","104"
"VR1","SOT-223","28.288mm","-57.225mm","28.288mm","-58.725mm","30.588mm","-55.725mm","T","90","AMS1117-3.3"
"C1","C 0603","26.871mm","-52.968mm","26.858mm","-52.968mm","27.747mm","-52.968mm","T","180","104"
"D7","SMA(DO-214AC)_S1","9.006mm","-35.668mm","9.006mm","-35.668mm","6.906mm","-35.668mm","T","180","SS34"
"V1","LC-TO-252-2","13.528mm","-81.777mm","13.528mm","-84.112mm","11.166mm","-84.112mm","T","270","78Mxx"
"U4","SOIC-16_150mil","80.289mm","-74.689mm","80.289mm","-74.689mm","77.689mm","-70.244mm","T","270","UT3232G-S16-R"
"R22","R 0603","51.562mm","-52.324mm","51.562mm","-52.324mm","51.562mm","-53.251mm","T","90","1K"
"R21","R 0603","28.626mm","-71.616mm","28.626mm","-71.616mm","27.699mm","-71.616mm","T","360","10K"
"R20","R 0603","24.816mm","-71.603mm","24.816mm","-71.603mm","25.743mm","-71.603mm","T","180","1K"
"R18","R 0603","97.941mm","-77.822mm","97.941mm","-77.822mm","97.941mm","-76.895mm","T","270","4.7K"
"R15","0603_R","94.885mm","-78.711mm","94.885mm","-78.711mm","94.115mm","-78.711mm","T","360","120¦¸"
"R13","R 0603","94.885mm","-76.641mm","94.885mm","-76.641mm","93.958mm","-76.641mm","T","360","4.7K"
"R11_U_SIG_IN10","R 0603","115.549mm","-53.599mm","115.549mm","-53.599mm","115.549mm","-54.526mm","T","90","10K"
"R11_U_SIG_IN9","R 0603","105.643mm","-55.551mm","105.643mm","-55.551mm","105.643mm","-56.478mm","T","90","10K"
"R11_U_SIG_IN8","R 0603","115.534mm","-59.028mm","115.534mm","-59.028mm","115.534mm","-59.955mm","T","90","10K"
"R11_U_SIG_IN7","R 0603","105.643mm","-60.885mm","105.643mm","-60.885mm","105.643mm","-61.812mm","T","90","10K"
"R11_U_SIG_IN6","R 0603","115.549mm","-64.267mm","115.549mm","-64.267mm","115.549mm","-65.194mm","T","90","10K"
"R11_U_SIG_IN5","R 0603","105.643mm","-66.219mm","105.643mm","-66.219mm","105.643mm","-67.146mm","T","90","10K"
"R11_U_SIG_IN4","R 0603","115.549mm","-69.601mm","115.549mm","-69.601mm","115.549mm","-70.528mm","T","90","10K"
"R11_U_SIG_IN3","R 0603","105.643mm","-71.553mm","105.643mm","-71.553mm","105.643mm","-72.48mm","T","90","10K"
"R11_U_SIG_IN2","R 0603","115.549mm","-74.935mm","115.549mm","-74.935mm","115.549mm","-75.862mm","T","90","10K"
"R11_U_SIG_IN1","R 0603","105.643mm","-76.887mm","105.643mm","-76.887mm","105.643mm","-77.814mm","T","90","10K"
"R10_U_SIG_IN10","R 0603","117.743mm","-53.599mm","117.743mm","-53.599mm","117.743mm","-52.672mm","T","270","4.7K"
"R10_U_SIG_IN9","R 0603","107.837mm","-55.551mm","107.837mm","-55.551mm","107.837mm","-54.624mm","T","270","4.7K"
"R10_U_SIG_IN8","R 0603","117.728mm","-59.028mm","117.728mm","-59.028mm","117.728mm","-58.1mm","T","270","4.7K"
"R10_U_SIG_IN7","R 0603","107.837mm","-60.885mm","107.837mm","-60.885mm","107.837mm","-59.958mm","T","270","4.7K"
"R10_U_SIG_IN6","R 0603","117.743mm","-64.267mm","117.743mm","-64.267mm","117.743mm","-63.34mm","T","270","4.7K"
"R10_U_SIG_IN5","R 0603","107.837mm","-66.219mm","107.837mm","-66.219mm","107.837mm","-65.292mm","T","270","4.7K"
"R10_U_SIG_IN4","R 0603","117.743mm","-69.601mm","117.743mm","-69.601mm","117.743mm","-68.674mm","T","270","4.7K"
"R10_U_SIG_IN3","R 0603","107.837mm","-71.553mm","107.837mm","-71.553mm","107.837mm","-70.626mm","T","270","4.7K"
"R10_U_SIG_IN2","R 0603","117.743mm","-74.935mm","117.743mm","-74.935mm","117.743mm","-74.008mm","T","270","4.7K"
"R10_U_SIG_IN1","R 0603","107.837mm","-76.887mm","107.837mm","-76.887mm","107.837mm","-75.96mm","T","270","4.7K"
"R7_U_Drive_Y10","R 0603","122.908mm","-44.984mm","122.908mm","-44.984mm","122.908mm","-44.057mm","T","270","10K"
"R7_U_Drive_Y9","R 0603","119.179mm","-26.95mm","119.179mm","-26.95mm","119.179mm","-26.023mm","T","270","10K"
"R7_U_Drive_Y8","R 0603","111.753mm","-44.984mm","111.753mm","-44.984mm","111.753mm","-44.057mm","T","270","10K"
"R7_U_Drive_Y7","R 0603","108.003mm","-26.95mm","108.003mm","-26.95mm","108.003mm","-26.023mm","T","270","10K"
"R7_U_Drive_Y6","R 0603","100.597mm","-44.984mm","100.597mm","-44.984mm","100.597mm","-44.057mm","T","270","10K"
"R7_U_Drive_Y5","R 0603","96.827mm","-26.95mm","96.827mm","-26.95mm","96.827mm","-26.023mm","T","270","10K"
"R7_U_Drive_Y4","R 0603","89.454mm","-44.984mm","89.454mm","-44.984mm","89.454mm","-44.057mm","T","270","10K"
"R7_U_Drive_Y3","R 0603","85.584mm","-26.95mm","85.584mm","-26.95mm","85.584mm","-26.023mm","T","270","10K"
"R7_U_Drive_Y2","R 0603","78.242mm","-44.984mm","78.242mm","-44.984mm","78.242mm","-44.057mm","T","270","10K"
"R7_U_Drive_Y1","R 0603","74.337mm","-26.961mm","74.337mm","-26.961mm","74.337mm","-26.034mm","T","270","10K"
"R6_U_Drive_Y10","R 0603","117.174mm","-44.131mm","117.174mm","-44.131mm","117.174mm","-45.058mm","T","90","1K"
"R6_U_Drive_Y9","R 0603","113.445mm","-26.097mm","113.445mm","-26.097mm","113.445mm","-27.024mm","T","90","1K"
"R6_U_Drive_Y8","R 0603","106.019mm","-44.131mm","106.019mm","-44.131mm","106.019mm","-45.058mm","T","90","1K"
"R6_U_Drive_Y7","R 0603","102.269mm","-26.097mm","102.269mm","-26.097mm","102.269mm","-27.024mm","T","90","1K"
"R6_U_Drive_Y6","R 0603","94.863mm","-44.131mm","94.863mm","-44.131mm","94.863mm","-45.058mm","T","90","1K"
"R6_U_Drive_Y5","R 0603","91.093mm","-26.097mm","91.093mm","-26.097mm","91.093mm","-27.024mm","T","90","1K"
"R6_U_Drive_Y4","R 0603","83.72mm","-44.131mm","83.72mm","-44.131mm","83.72mm","-45.058mm","T","90","1K"
"R6_U_Drive_Y3","R 0603","79.85mm","-26.097mm","79.85mm","-26.097mm","79.85mm","-27.024mm","T","90","1K"
"R6_U_Drive_Y2","R 0603","72.508mm","-44.131mm","72.508mm","-44.131mm","72.508mm","-45.058mm","T","90","1K"
"R6_U_Drive_Y1","R 0603","68.603mm","-26.108mm","68.603mm","-26.108mm","68.603mm","-27.035mm","T","90","1K"
"R5_U_Drive_Y10","R 0603","119.855mm","-47.113mm","119.855mm","-47.113mm","120.782mm","-47.113mm","T","180","10k"
"R5_U_Drive_Y9","R 0603","116.126mm","-29.079mm","116.126mm","-29.079mm","117.053mm","-29.079mm","T","180","10k"
"R5_U_Drive_Y8","R 0603","108.7mm","-47.113mm","108.7mm","-47.113mm","109.627mm","-47.113mm","T","180","10k"
"R5_U_Drive_Y7","R 0603","104.95mm","-29.079mm","104.95mm","-29.079mm","105.877mm","-29.079mm","T","180","10k"
"R5_U_Drive_Y6","R 0603","97.545mm","-47.113mm","97.545mm","-47.113mm","98.472mm","-47.113mm","T","180","10k"
"R5_U_Drive_Y5","R 0603","93.774mm","-29.079mm","93.774mm","-29.079mm","94.701mm","-29.079mm","T","180","10k"
"R5_U_Drive_Y4","R 0603","86.401mm","-47.113mm","86.401mm","-47.113mm","87.328mm","-47.113mm","T","180","10k"
"R5_U_Drive_Y3","R 0603","82.531mm","-29.079mm","82.531mm","-29.079mm","83.458mm","-29.079mm","T","180","10k"
"R5_U_Drive_Y2","R 0603","75.189mm","-47.113mm","75.189mm","-47.113mm","76.116mm","-47.113mm","T","180","10k"
"R5_U_Drive_Y1","R 0603","71.285mm","-29.09mm","71.285mm","-29.09mm","72.212mm","-29.09mm","T","180","10k"
"R4_U_Drive_X10","R 0603","61.595mm","-45.593mm","61.595mm","-45.593mm","61.595mm","-46.52mm","T","90","10K"
"R4_U_Drive_X9","R 0603","57.658mm","-27.559mm","57.658mm","-27.559mm","57.658mm","-28.486mm","T","90","10K"
"R4_U_Drive_X8","R 0603","50.292mm","-45.593mm","50.292mm","-45.593mm","50.292mm","-46.52mm","T","90","10K"
"R4_U_Drive_X7","R 0603","46.315mm","-27.57mm","46.315mm","-27.57mm","46.315mm","-28.497mm","T","90","10K"
"R4_U_Drive_X6","R 0603","38.979mm","-45.593mm","38.979mm","-45.593mm","38.979mm","-46.52mm","T","90","10K"
"R4_U_Drive_X5","R 0603","35.012mm","-27.559mm","35.012mm","-27.559mm","35.012mm","-28.486mm","T","90","10K"
"R4_U_Drive_X4","R 0603","27.716mm","-45.593mm","27.716mm","-45.593mm","27.716mm","-46.52mm","T","90","10K"
"R4_U_Drive_X3","R 0603","23.749mm","-27.559mm","23.749mm","-27.559mm","23.749mm","-28.486mm","T","90","10K"
"R4_U_Drive_X2","R 0603","16.383mm","-45.593mm","16.383mm","-45.593mm","16.383mm","-46.52mm","T","90","10K"
"R4_U_Drive_X1","R 0603","12.446mm","-27.559mm","12.446mm","-27.559mm","12.446mm","-28.486mm","T","90","10K"
"R3_U_Drive_X10","R 0603","63.246mm","-45.593mm","63.246mm","-45.593mm","63.246mm","-46.52mm","T","90","1K"
"R3_U_Drive_X9","R 0603","59.309mm","-27.559mm","59.309mm","-27.559mm","59.309mm","-28.486mm","T","90","1K"
"R3_U_Drive_X8","R 0603","51.943mm","-45.593mm","51.943mm","-45.593mm","51.943mm","-46.52mm","T","90","1K"
"R3_U_Drive_X7","R 0603","47.966mm","-27.57mm","47.966mm","-27.57mm","47.966mm","-28.497mm","T","90","1K"
"R3_U_Drive_X6","R 0603","40.63mm","-45.593mm","40.63mm","-45.593mm","40.63mm","-46.52mm","T","90","1K"
"R3_U_Drive_X5","R 0603","36.663mm","-27.559mm","36.663mm","-27.559mm","36.663mm","-28.486mm","T","90","1K"
"R3_U_Drive_X4","R 0603","29.367mm","-45.593mm","29.367mm","-45.593mm","29.367mm","-46.52mm","T","90","1K"
"R3_U_Drive_X3","R 0603","25.4mm","-27.559mm","25.4mm","-27.559mm","25.4mm","-28.486mm","T","90","1K"
"R3_U_Drive_X2","R 0603","18.034mm","-45.593mm","18.034mm","-45.593mm","18.034mm","-46.52mm","T","90","1K"
"R3_U_Drive_X1","R 0603","14.097mm","-27.559mm","14.097mm","-27.559mm","14.097mm","-28.486mm","T","90","1K"
"R2_U_Drive_X10","R 0603","68.58mm","-44.577mm","68.58mm","-44.577mm","68.58mm","-43.65mm","T","270","15K"
"R2_U_Drive_X9","R 0603","64.643mm","-26.543mm","64.643mm","-26.543mm","64.643mm","-25.616mm","T","270","15K"
"R2_U_Drive_X8","R 0603","57.277mm","-44.577mm","57.277mm","-44.577mm","57.277mm","-43.65mm","T","270","15K"
"R2_U_Drive_X7","R 0603","53.3mm","-26.554mm","53.3mm","-26.554mm","53.3mm","-25.627mm","T","270","15K"
"R2_U_Drive_X6","R 0603","45.964mm","-44.577mm","45.964mm","-44.577mm","45.964mm","-43.65mm","T","270","15K"
"R2_U_Drive_X5","R 0603","41.997mm","-26.543mm","41.997mm","-26.543mm","41.997mm","-25.616mm","T","270","15K"
"R2_U_Drive_X4","R 0603","34.701mm","-44.577mm","34.701mm","-44.577mm","34.701mm","-43.65mm","T","270","15K"
"R2_U_Drive_X3","R 0603","30.734mm","-26.543mm","30.734mm","-26.543mm","30.734mm","-25.616mm","T","270","15K"
"R2_U_Drive_X2","R 0603","23.368mm","-44.577mm","23.368mm","-44.577mm","23.368mm","-43.65mm","T","270","15K"
"R2_U_Drive_X1","R 0603","19.431mm","-26.543mm","19.431mm","-26.543mm","19.431mm","-25.616mm","T","270","15K"
"R1_U_Drive_X10","R 0603","68.58mm","-40.513mm","68.58mm","-40.513mm","68.58mm","-39.586mm","T","270","10K"
"R1_U_Drive_X9","R 0603","64.643mm","-22.479mm","64.643mm","-22.479mm","64.643mm","-21.552mm","T","270","10K"
"R1_U_Drive_X8","R 0603","57.277mm","-40.513mm","57.277mm","-40.513mm","57.277mm","-39.586mm","T","270","10K"
"R1_U_Drive_X7","R 0603","53.3mm","-22.49mm","53.3mm","-22.49mm","53.3mm","-21.563mm","T","270","10K"
"R1_U_Drive_X6","R 0603","45.964mm","-40.513mm","45.964mm","-40.513mm","45.964mm","-39.586mm","T","270","10K"
"R1_U_Drive_X5","R 0603","41.997mm","-22.479mm","41.997mm","-22.479mm","41.997mm","-21.552mm","T","270","10K"
"R1_U_Drive_X4","R 0603","34.701mm","-40.513mm","34.701mm","-40.513mm","34.701mm","-39.586mm","T","270","10K"
"R1_U_Drive_X3","R 0603","30.734mm","-22.479mm","30.734mm","-22.479mm","30.734mm","-21.552mm","T","270","10K"
"R1_U_Drive_X2","R 0603","23.368mm","-40.513mm","23.368mm","-40.513mm","23.368mm","-39.586mm","T","270","10K"
"R1_U_Drive_X1","R 0603","19.431mm","-22.479mm","19.431mm","-22.479mm","19.431mm","-21.552mm","T","270","10K"
"Q4_U_Drive_Y10","TO252","121.902mm","-38.403mm","119.753mm","-40.814mm","","","T","360","HD30N03"
"Q4_U_Drive_Y9","TO252","118.173mm","-20.369mm","116.024mm","-22.78mm","","","T","360","HD30N03"
"Q4_U_Drive_Y8","TO252","110.747mm","-38.403mm","108.598mm","-40.814mm","","","T","360","HD30N03"
"Q4_U_Drive_Y7","TO252","106.997mm","-20.369mm","104.848mm","-22.78mm","","","T","360","HD30N03"
"Q4_U_Drive_Y6","TO252","99.592mm","-38.403mm","97.443mm","-40.814mm","","","T","360","HD30N03"
"Q4_U_Drive_Y5","TO252","95.821mm","-20.369mm","93.672mm","-22.78mm","","","T","360","HD30N03"
"Q4_U_Drive_Y4","TO252","88.609mm","-38.403mm","86.459mm","-40.814mm","","","T","360","HD30N03"
"Q4_U_Drive_Y3","TO252","84.578mm","-20.369mm","82.429mm","-22.78mm","","","T","360","HD30N03"
"Q4_U_Drive_Y2","TO252","77.236mm","-38.403mm","75.087mm","-40.814mm","","","T","360","HD30N03"
"Q4_U_Drive_Y1","TO252","73.332mm","-20.379mm","71.182mm","-22.791mm","","","T","360","HD30N03"
"Q3_U_Drive_Y10","SOT-23","119.843mm","-44.916mm","119.775mm","-44.704mm","","","T","360","S8050"
"Q3_U_Drive_Y9","SOT-23","116.114mm","-26.882mm","116.046mm","-26.67mm","","","T","360","S8050"
"Q3_U_Drive_Y8","SOT-23","108.688mm","-44.916mm","108.62mm","-44.704mm","","","T","360","S8050"
"Q3_U_Drive_Y7","SOT-23","104.938mm","-26.882mm","104.87mm","-26.67mm","","","T","360","S8050"
"Q3_U_Drive_Y6","SOT-23","97.533mm","-44.916mm","97.465mm","-44.704mm","","","T","360","S8050"
"Q3_U_Drive_Y5","SOT-23","93.762mm","-26.882mm","93.694mm","-26.67mm","","","T","360","S8050"
"Q3_U_Drive_Y4","SOT-23","86.389mm","-44.916mm","86.321mm","-44.704mm","","","T","360","S8050"
"Q3_U_Drive_Y3","SOT-23","82.519mm","-26.882mm","82.451mm","-26.67mm","","","T","360","S8050"
"Q3_U_Drive_Y2","SOT-23","75.177mm","-44.916mm","75.109mm","-44.704mm","","","T","360","S8050"
"Q3_U_Drive_Y1","SOT-23","71.273mm","-26.892mm","71.205mm","-26.681mm","","","T","360","S8050"
"Q2_U_Drive_X10","SOT-23","65.447mm","-45.534mm","65.659mm","-45.466mm","","","T","270","S8050"
"Q2_U_Drive_X9","SOT-23","61.51mm","-27.5mm","61.722mm","-27.432mm","","","T","270","S8050"
"Q2_U_Drive_X8","SOT-23","54.144mm","-45.534mm","54.356mm","-45.466mm","","","T","270","S8050"
"Q2_U_Drive_X7","SOT-23","50.167mm","-27.51mm","50.379mm","-27.443mm","","","T","270","S8050"
"Q2_U_Drive_X6","SOT-23","42.832mm","-45.534mm","43.043mm","-45.466mm","","","T","270","S8050"
"Q2_U_Drive_X5","SOT-23","38.864mm","-27.5mm","39.076mm","-27.432mm","","","T","270","S8050"
"Q2_U_Drive_X4","SOT-23","31.569mm","-45.534mm","31.78mm","-45.466mm","","","T","270","S8050"
"Q2_U_Drive_X3","SOT-23","27.601mm","-27.5mm","27.813mm","-27.432mm","","","T","270","S8050"
"Q2_U_Drive_X2","SOT-23","20.235mm","-45.534mm","20.447mm","-45.466mm","","","T","270","S8050"
"Q2_U_Drive_X1","SOT-23","16.298mm","-27.5mm","16.51mm","-27.432mm","","","T","270","S8050"
"Q1_U_Drive_X10","TO252","64.126mm","-38.53mm","61.976mm","-40.941mm","","","T","360","SE20P03"
"Q1_U_Drive_X9","TO252","60.189mm","-20.496mm","58.039mm","-22.907mm","","","T","360","SE20P03"
"Q1_U_Drive_X8","TO252","52.823mm","-38.53mm","50.673mm","-40.941mm","","","T","360","SE20P03"
"Q1_U_Drive_X7","TO252","48.846mm","-20.506mm","46.696mm","-22.918mm","","","T","360","SE20P03"
"Q1_U_Drive_X6","TO252","41.51mm","-38.53mm","39.36mm","-40.941mm","","","T","360","SE20P03"
"Q1_U_Drive_X5","TO252","37.543mm","-20.496mm","35.393mm","-22.907mm","","","T","360","SE20P03"
"Q1_U_Drive_X4","TO252","30.247mm","-38.53mm","28.097mm","-40.941mm","","","T","360","SE20P03"
"Q1_U_Drive_X3","TO252","26.28mm","-20.496mm","24.13mm","-22.907mm","","","T","360","SE20P03"
"Q1_U_Drive_X2","TO252","18.914mm","-38.53mm","16.764mm","-40.941mm","","","T","360","SE20P03"
"Q1_U_Drive_X1","TO252","14.977mm","-20.496mm","12.827mm","-22.907mm","","","T","360","SE20P03"
"LED1","LED 0603G","53.499mm","-52.324mm","53.505mm","-52.324mm","53.499mm","-53.213mm","T","90","ºìÉ«"
"L1","CDRH74","16.163mm","-65.333mm","16.163mm","-65.333mm","12.353mm","-65.333mm","T","360","68uH 2A"
"JP8","XH2.54-4P","59.944mm","-83.82mm","56.134mm","-83.82mm","56.134mm","-83.82mm","T","360","XH-2.54-4P"
"JP4","XH2.54-4P","29.64mm","-83.82mm","25.83mm","-83.82mm","25.83mm","-83.82mm","T","360","XH-2.54-4P"
"JP3","XH2.54-10P","96.139mm","-5.207mm","107.569mm","-5.207mm","107.569mm","-5.207mm","T","180","XH2.54-10P"
"JP2","XH2.54-10P","40.005mm","-5.207mm","51.435mm","-5.207mm","51.435mm","-5.207mm","T","180","XH2.54-10P"
"JP1","XH2.54-4P","4.888mm","-13.508mm","4.888mm","-9.698mm","4.888mm","-9.698mm","T","270","XH-2.54-4P"
"E4","CM B(4*5.4)","20.019mm","-82.015mm","20.019mm","-82.015mm","20.019mm","-84.165mm","T","270","10uF/35V"
"E2","CM E(8*10.2)","7.992mm","-51.857mm","7.992mm","-51.857mm","3.992mm","-51.857mm","T","180","220uF/35V"
"E1","CM E(8*10.2)","18.674mm","-56.351mm","18.674mm","-56.351mm","22.674mm","-56.351mm","T","360","680uF/6.3V"
"D5","SMA(DO-214AC)_S1","100.003mm","-85.315mm","100.003mm","-85.315mm","102.103mm","-85.315mm","T","360","SMAJ6.5CA"
"D4","SMA(DO-214AC)_S1","6.736mm","-58.45mm","6.736mm","-58.45mm","4.636mm","-58.45mm","T","180","SS34"
"D1","SMA(DO-214AC)_S1","2.592mm","-33.448mm","2.592mm","-33.448mm","2.592mm","-31.348mm","T","90","SS34"
"C16","C 0603","50.119mm","-65.301mm","50.119mm","-65.288mm","50.119mm","-66.177mm","T","90","104"
"C13","C 0603","68.961mm","-63.119mm","68.948mm","-63.119mm","69.837mm","-63.119mm","T","180","104"
"C12","0603_C","74.76mm","-77.343mm","74.76mm","-77.343mm","74.76mm","-78.113mm","T","90","100nF\NC"
"C11","0603_C","74.76mm","-73.94mm","74.76mm","-73.94mm","74.76mm","-74.71mm","T","90","100nF\NC"
"C10","0603_C","74.76mm","-70.462mm","74.76mm","-70.462mm","74.76mm","-69.692mm","T","270","100nF\NC"
"C9","0603_C","83.693mm","-68.248mm","83.693mm","-68.248mm","82.923mm","-68.248mm","T","360","100nF\NC"
"C8","0603_C","80.185mm","-68.199mm","80.185mm","-68.199mm","79.415mm","-68.199mm","T","360","100nF\NC"
"C7","C 0603","60.439mm","-72.078mm","60.452mm","-72.078mm","59.563mm","-72.078mm","T","360","104"
